Button,Action,x,y,z,roll,pitch,yaw,gripper_state,joint0,joint1,joint2,joint3,joint4,joint5,joint6,joint7
3,Pressed,1.8793104887008667,1.681442379951477,0.28963860869407654,35.75216293334961,208.75750732421875,131.44371032714844,0,-25.51913070678711,-36.87437438964844,-30.32314109802246,-50.41968536376953,-24.08374786376953,-54.32479476928711,-82.04515838623047
3,Pressed,1.8837025165557861,1.6876671314239502,0.32888227701187134,36.3648567199707,207.64036560058594,130.8316650390625,0,-25.553035736083984,-32.976070404052734,-31.910295486450195,-57.042354583740234,-25.4254093170166,-50.478546142578125,-82.2188949584961
3,Pressed,1.8862292766571045,1.6910995244979858,0.35250207781791687,36.41685104370117,206.92449951171875,130.4344024658203,0,-25.79458236694336,-30.78048324584961,-32.84016036987305,-60.51380920410156,-25.907028198242188,-48.34111404418945,-82.46642303466797
3,Pressed,1.885596513748169,1.692599892616272,0.3759582042694092,36.633087158203125,207.0917510986328,130.28439331054688,0,-25.99966812133789,-28.055932998657227,-33.32181930541992,-64.8081283569336,-26.8574275970459,-45.666160583496094,-83.00109100341797
3,Pressed,1.8875142335891724,1.6952521800994873,0.4037511944770813,36.73472595214844,206.59408569335938,129.97984313964844,0,-26.697315216064453,-25.55565071105957,-34.037376403808594,-68.4395980834961,-27.462865829467773,-43.307865142822266,-83.71212768554688
3,Pressed,1.8884117603302002,1.6969457864761353,0.4282640218734741,36.74668884277344,206.36244201660156,129.7686767578125,0,-27.535446166992188,-23.297767639160156,-34.47612380981445,-71.56439208984375,-27.8709774017334,-41.191932678222656,-84.615234375
3,Pressed,1.8888500928878784,1.6983020305633545,0.4544076919555664,36.83674621582031,206.30941772460938,129.60989379882812,0,-28.697956085205078,-20.904325485229492,-34.74185562133789,-74.73596954345703,-28.2224178314209,-38.95457077026367,-85.92431640625
3,Pressed,1.8897323608398438,1.699588656425476,0.47848576307296753,36.80280303955078,206.0840301513672,129.4190216064453,0,-30.06942367553711,-18.923797607421875,-34.92995071411133,-77.19285583496094,-28.162857055664062,-37.08718490600586,-87.36367797851562
3,Pressed,1.8900656700134277,1.7006443738937378,0.5045987963676453,36.88957214355469,206.046875,129.23382568359375,0,-31.863149642944336,-16.768091201782227,-34.908626556396484,-79.79669189453125,-27.949495315551758,-34.975704193115234,-89.36115264892578
3,Pressed,1.8910391330718994,1.7017561197280884,0.5294737815856934,36.821998596191406,205.751220703125,129.0299530029297,0,-33.93488693237305,-15.028091430664062,-34.81517028808594,-81.7320785522461,-27.143577575683594,-33.23476791381836,-91.60021209716797
3,Pressed,1.8915793895721436,1.7026088237762451,0.5532854795455933,36.815635681152344,205.77171325683594,128.9222412109375,0,-36.46183395385742,-13.387702941894531,-34.34323501586914,-83.4406967163086,-25.74055290222168,-31.523427963256836,-94.64222717285156
3,Pressed,1.8924040794372559,1.7035750150680542,0.5795949101448059,36.81282043457031,205.7602996826172,128.8236541748047,0,-39.78293228149414,-11.827402114868164,-33.542442321777344,-84.94435119628906,-23.425329208374023,-29.80029296875,-98.73773193359375
3,Pressed,1.893315315246582,1.7044098377227783,0.6035338640213013,36.78135299682617,205.5919952392578,128.6940460205078,0,-43.101375579833984,-10.671160697937012,-32.74215316772461,-86.01490020751953,-20.63912010192871,-28.37929916381836,-102.97807312011719
3,Pressed,1.8940858840942383,1.7050656080245972,0.6280028223991394,36.8144645690918,205.58456420898438,128.57691955566406,0,-47.10478973388672,-9.645164489746094,-31.529369354248047,-86.9437255859375,-16.819011688232422,-26.952974319458008,-108.40860748291016
3,Pressed,1.895021677017212,1.7058908939361572,0.6551687717437744,36.90620803833008,205.53271484375,128.48683166503906,0,-52.058509826660156,-8.814840316772461,-29.87847137451172,-87.60511016845703,-11.640711784362793,-25.71201515197754,-115.32257080078125
3,Pressed,1.8960434198379517,1.706620693206787,0.6820892691612244,36.995662689208984,205.3404083251953,128.41827392578125,0,-57.256839752197266,-8.329596519470215,-28.122711181640625,-87.91294860839844,-5.765239238739014,-24.8927059173584,-122.7398681640625
3,Pressed,1.8967771530151367,1.707112193107605,0.7084580659866333,37.12787628173828,205.18307495117188,128.38192749023438,0,-62.66520309448242,-8.096125602722168,-26.22464370727539,-87.99821472167969,0.6899985671043396,-24.4462947845459,-130.6866912841797
3,Pressed,1.8978736400604248,1.7075366973876953,0.7353014945983887,37.3135986328125,205.24075317382812,128.46051025390625,0,-68.67943572998047,-8.203948020935059,-23.983915328979492,-87.66802215576172,8.098424911499023,-24.578779220581055,-139.6830596923828
3,Pressed,1.898537516593933,1.707743525505066,0.7605382800102234,37.50430679321289,205.14306640625,128.5776824951172,0,-73.91844940185547,-8.517257690429688,-22.26704216003418,-87.169677734375,14.514321327209473,-25.13737678527832,-147.43177795410156
3,Pressed,1.8989603519439697,1.70774507522583,0.7903858423233032,37.66361618041992,205.01031494140625,128.68235778808594,0,-80.0406494140625,-9.130484580993652,-20.359590530395508,-86.35009765625,21.825571060180664,-26.281185150146484,-156.1842803955078
3,Pressed,1.8986570835113525,1.707755208015442,0.820020318031311,37.85626983642578,204.711669921875,128.83628845214844,0,-85.35034942626953,-9.921359062194824,-19.142654418945312,-85.33534240722656,27.860088348388672,-27.79157066345215,-163.47340393066406
3,Pressed,1.8978750705718994,1.7077219486236572,0.8493958711624146,37.85190963745117,204.2114715576172,128.91091918945312,0,-90.22515869140625,-10.908265113830566,-18.294103622436523,-84.07239532470703,33.008583068847656,-29.640756607055664,-169.50527954101562
3,Pressed,1.8971259593963623,1.7074717283248901,0.8798726797103882,37.90815734863281,203.91831970214844,129.00856018066406,0,-95.15348052978516,-12.236185073852539,-17.59652328491211,-82.4208755493164,37.98402404785156,-31.952878952026367,-175.42283630371094
3,Pressed,1.8964431285858154,1.7072749137878418,0.9059954881668091,37.90087127685547,203.65652465820312,129.04727172851562,0,-99.09064483642578,-13.593350410461426,-17.273176193237305,-80.7137222290039,41.722198486328125,-34.189517974853516,-179.7765655517578
3,Pressed,1.8959968090057373,1.707004189491272,0.9347020387649536,37.90416717529297,203.55960083007812,129.1605224609375,0,-103.2781753540039,-15.385577201843262,-17.018341064453125,-78.37317657470703,45.22431182861328,-36.985504150390625,-183.88160705566406
3,Pressed,1.8947970867156982,1.7067928314208984,0.9609376788139343,37.869895935058594,203.23846435546875,129.1990966796875,0,-106.71414947509766,-17.06673812866211,-17.034259796142578,-76.14765930175781,47.78606033325195,-39.43593215942383,-186.72454833984375
3,Pressed,1.8940026760101318,1.7063504457473755,0.9877505302429199,37.8725471496582,203.0895538330078,129.28712463378906,0,-110.16622161865234,-19.05834197998047,-17.040639877319336,-73.45165252685547,50.05967330932617,-42.112911224365234,-189.2178955078125
3,Pressed,1.8927475214004517,1.7057721614837646,1.0166478157043457,37.89241027832031,202.9127960205078,129.41864013671875,0,-113.66168212890625,-21.347332000732422,-17.14472198486328,-70.25175476074219,52.03401565551758,-44.982662200927734,-191.24856567382812
3,Pressed,1.8911666870117188,1.7052772045135498,1.0452430248260498,37.88395690917969,202.67062377929688,129.5341339111328,0,-116.95409393310547,-23.763023376464844,-17.294950485229492,-66.7313232421875,53.606510162353516,-47.80476760864258,-192.60699462890625
1,Pressed,1.899391770362854,1.7050213813781738,1.0646474361419678,38.072322845458984,201.8565216064453,129.8622283935547,0,-117.80010986328125,-26.295387268066406,-18.171836853027344,-62.90492248535156,53.534786224365234,-48.8560905456543,-191.36465454101562
1,Pressed,1.928431510925293,1.7034237384796143,1.0622763633728027,38.09598922729492,202.34750366210938,130.10894775390625,0,-116.31316375732422,-29.838184356689453,-18.890380859375,-57.51325988769531,52.51176071166992,-49.37687301635742,-188.13792419433594
1,Pressed,1.9561660289764404,1.7009435892105103,1.0585347414016724,38.13446807861328,202.9647979736328,130.46800231933594,0,-115.054931640625,-33.403499603271484,-19.58087921142578,-51.90162658691406,51.39204406738281,-50.177860260009766,-184.83741760253906
-1,Pressed,1.9519708156585693,1.699812412261963,1.0571246147155762,38.02627944946289,203.0899200439453,130.47999572753906,0,-115.11036682128906,-32.741844177246094,-19.395009994506836,-53.1668701171875,51.62522506713867,-49.954833984375,-185.56076049804688
-1,Pressed,1.926626205444336,1.7018678188323975,1.0592362880706787,37.99378967285156,202.7286376953125,130.23367309570312,0,-116.23756408691406,-29.459203720092773,-18.721534729003906,-58.282962799072266,52.59282684326172,-49.32136917114258,-188.60520935058594
-1,Pressed,1.8991308212280273,1.7037098407745361,1.0583199262619019,37.90245056152344,202.5885467529297,129.88870239257812,0,-117.62326049804688,-25.95624351501465,-17.8929443359375,-63.55461120605469,53.73149871826172,-48.998809814453125,-191.89663696289062
-1,Pressed,1.8747200965881348,1.70489501953125,1.0563563108444214,37.83430099487305,202.56796264648438,129.6128387451172,0,-118.91385650634766,-22.97283363342285,-17.335437774658203,-67.92013549804688,54.79518508911133,-49.034278869628906,-194.74510192871094
-1,Pressed,1.8500418663024902,1.705963373184204,1.055643081665039,37.785133361816406,202.4514923095703,129.3910369873047,0,-120.31983184814453,-20.213056564331055,-17.090560913085938,-71.80818176269531,55.84270095825195,-49.42991638183594,-197.3967742919922
-1,Pressed,1.8263298273086548,1.706987738609314,1.0556553602218628,37.72182083129883,202.25218200683594,129.15065002441406,0,-121.81655883789062,-17.752588272094727,-17.021333694458008,-75.14945983886719,56.828792572021484,-50.117916107177734,-199.78077697753906
-1,Pressed,1.799249529838562,1.707737684249878,1.0547904968261719,37.67317581176758,202.19569396972656,128.99188232421875,0,-123.5720443725586,-15.061192512512207,-17.096229553222656,-78.67198181152344,57.787376403808594,-51.25041198730469,-202.39776611328125
-1,Pressed,1.773953914642334,1.7085175514221191,1.0543828010559082,37.62651824951172,202.06307983398438,128.80422973632812,0,-125.24803161621094,-12.72038459777832,-17.457807540893555,-81.62168884277344,58.65412139892578,-52.62864303588867,-204.72262573242188
-1,Pressed,1.7495065927505493,1.7091810703277588,1.0533509254455566,37.58464431762695,202.01968383789062,128.63304138183594,0,-126.89098358154297,-10.565138816833496,-17.9901180267334,-84.23802947998047,59.39426040649414,-54.2741813659668,-206.9120330810547
-1,Pressed,1.726629376411438,1.7099405527114868,1.0527966022491455,37.54993438720703,201.90699768066406,128.43878173828125,0,-128.47509765625,-8.697543144226074,-18.69246482849121,-86.41358184814453,60.01340866088867,-56.05270767211914,-208.86228942871094
-1,Pressed,1.702702522277832,1.7105650901794434,1.0511647462844849,37.52302169799805,201.96031188964844,128.2720184326172,0,-130.21336364746094,-6.832180023193359,-19.490060806274414,-88.50528717041016,60.51615905761719,-58.212276458740234,-210.89036560058594
-1,Pressed,1.6777675151824951,1.7112033367156982,1.048543930053711,37.50615692138672,202.15869140625,128.09454345703125,0,-132.22283935546875,-5.00875997543335,-20.312889099121094,-90.46170806884766,60.91276168823242,-60.79877853393555,-213.00331115722656
-1,Pressed,1.6561133861541748,1.711777925491333,1.0459802150726318,37.498477935791016,202.4186248779297,127.94598388671875,0,-134.1110382080078,-3.5817251205444336,-21.09918975830078,-91.92255401611328,61.16621017456055,-63.34711456298828,-214.8389434814453
-1,Pressed,1.634999394416809,1.7122094631195068,1.0415661334991455,37.50082015991211,203.03514099121094,127.84066772460938,0,-136.1848602294922,-2.277719497680664,-21.755491256713867,-93.2040786743164,61.30697250366211,-66.25520324707031,-216.7569122314453
-1,Pressed,1.6155564785003662,1.7124979496002197,1.0357998609542847,37.514034271240234,203.9962615966797,127.79615783691406,0,-138.16775512695312,-1.1994045972824097,-22.436006546020508,-94.21702575683594,61.3463134765625,-69.39810180664062,-218.6852264404297
-1,Pressed,1.595855712890625,1.712737798690796,1.0287330150604248,37.54108810424805,205.35171508789062,127.8074951171875,0,-140.021728515625,-0.28987857699394226,-23.462779998779297,-95.02037811279297,61.2934684753418,-73.0636215209961,-220.81407165527344
-1,Pressed,1.579448938369751,1.7129935026168823,1.0234731435775757,37.57270050048828,206.53799438476562,127.83148956298828,0,-141.234619140625,0.2391328513622284,-24.84424591064453,-95.44493865966797,61.2056999206543,-76.34465026855469,-222.65235900878906
-1,Pressed,1.5584546327590942,1.7133359909057617,1.0197523832321167,37.611392974853516,207.63063049316406,127.84822082519531,0,-142.70046997070312,0.5801538228988647,-26.957706451416016,-95.6763916015625,61.07066345214844,-80.41778564453125,-224.8938446044922
-1,Pressed,1.5370409488677979,1.7135686874389648,1.0203897953033447,37.630306243896484,207.93389892578125,127.8367691040039,0,-144.4037322998047,0.5643750429153442,-29.183958053588867,-95.62271118164062,60.96656799316406,-84.12897491455078,-226.92799377441406
-1,Pressed,1.5107403993606567,1.7137765884399414,1.0240215063095093,37.64173889160156,207.62693786621094,127.79692840576172,0,-146.6980743408203,0.22304242849349976,-31.94025993347168,-95.31863403320312,60.88202667236328,-88.30513000488281,-229.23219299316406
-1,Pressed,1.478163242340088,1.71401047706604,1.0303747653961182,37.657142639160156,206.54904174804688,127.72818756103516,0,-149.66807556152344,-0.5459116101264954,-35.437984466552734,-94.70321655273438,60.851051330566406,-93.06157684326172,-231.8994903564453
-1,Pressed,1.4464884996414185,1.7141696214675903,1.0371075868606567,37.671295166015625,204.98892211914062,127.6804428100586,0,-152.5744171142578,-1.5935076475143433,-38.97990036010742,-93.91618347167969,60.90791320800781,-97.36268615722656,-234.36654663085938
-1,Pressed,1.4124640226364136,1.7142632007598877,1.0427123308181763,37.6832389831543,203.33425903320312,127.69303894042969,0,-155.64117431640625,-3.1202306747436523,-43.06966018676758,-92.81908416748047,61.06391906738281,-102.154541015625,-237.18881225585938
-1,Pressed,1.3760665655136108,1.7141575813293457,1.0469417572021484,37.66061019897461,201.58621215820312,127.79393005371094,0,-159.59829711914062,-5.242280960083008,-47.014278411865234,-91.34093475341797,61.34210205078125,-107.43833923339844,-240.39686584472656
-1,Pressed,1.3480952978134155,1.7140558958053589,1.0482295751571655,37.63154220581055,200.72784423828125,127.9028091430664,0,-163.4365997314453,-7.442043781280518,-49.49868392944336,-89.77494812011719,61.65828323364258,-112.08000946044922,-243.30104064941406
-1,Pressed,1.3262996673583984,1.713587999343872,1.0474791526794434,37.53903579711914,201.24636840820312,127.96763610839844,0,-167.09152221679688,-10.10267162322998,-51.13166809082031,-87.82068634033203,62.00495147705078,-116.97932434082031,-246.4608154296875
-1,Pressed,1.3041363954544067,1.7130682468414307,1.0471775531768799,37.437713623046875,201.7103729248047,127.98246002197266,0,-171.2322998046875,-12.9360990524292,-52.157623291015625,-85.58292388916016,62.35287094116211,-121.6822509765625,-249.57090759277344
-1,Pressed,1.2762351036071777,1.7130589485168457,1.0470466613769531,37.417274475097656,201.5350799560547,128.01028442382812,0,-176.92169189453125,-15.846920013427734,-52.18596649169922,-82.83894348144531,62.62890625,-126.21124267578125,-252.5938720703125
-1,Pressed,1.2529054880142212,1.7125426530838013,1.0470815896987915,37.300926208496094,201.48695373535156,127.84056854248047,0,-186.0827178955078,-17.051841735839844,-44.58796691894531,-80.05042266845703,61.57365798950195,-127.53044128417969,-253.17831420898438
-1,Pressed,1.224443793296814,1.712903618812561,1.046143651008606,37.32732391357422,201.19845581054688,127.82909393310547,0,-199.04905700683594,-17.95114517211914,-31.681371688842773,-76.4177017211914,59.541622161865234,-127.56372833251953,-252.3655548095703
-1,Pressed,1.1983565092086792,1.7132189273834229,1.0450904369354248,37.326576232910156,200.9337158203125,127.88359832763672,0,-209.9687042236328,-19.410926818847656,-20.513072967529297,-72.72730255126953,57.63789749145508,-127.642333984375,-251.1702423095703
-1,Pressed,1.172654628753662,1.7129324674606323,1.04447603225708,37.21770095825195,200.82899475097656,127.87429809570312,0,-220.00233459472656,-21.565671920776367,-9.335346221923828,-68.55596923828125,55.42759704589844,-127.63794708251953,-249.2821502685547
-1,Pressed,1.1474660634994507,1.712179183959961,1.0440967082977295,37.04184341430664,200.7122039794922,127.80132293701172,0,-228.67538452148438,-24.3214168548584,1.343200445175171,-64.0658187866211,52.8748664855957,-127.57984924316406,-246.69061279296875
-1,Pressed,1.1215476989746094,1.7109572887420654,1.043881893157959,36.81999588012695,200.57537841796875,127.6705551147461,0,-236.12966918945312,-27.830467224121094,11.871176719665527,-58.997554779052734,49.7639274597168,-127.60684204101562,-243.25732421875
-1,Pressed,1.0980647802352905,1.7088990211486816,1.044197678565979,36.462459564208984,200.5738983154297,127.45005798339844,0,-242.12474060058594,-31.909988403320312,22.78484535217285,-53.74311447143555,45.68507385253906,-127.56536865234375,-238.81956481933594
-1,Pressed,1.0704381465911865,1.7055256366729736,1.044540286064148,35.996337890625,200.40335083007812,127.1817855834961,0,-247.86587524414062,-37.73833084106445,37.33110809326172,-47.04220962524414,38.83277893066406,-127.61304473876953,-231.9958953857422
-1,Pressed,1.0485690832138062,1.6983766555786133,1.046014666557312,34.832969665527344,201.03721618652344,126.77075958251953,0,-252.15435791015625,-46.0499382019043,60.66947555541992,-40.21941375732422,24.837982177734375,-127.68452453613281,-220.82717895507812
4,Pressed,1.0397380590438843,1.6943180561065674,1.0478278398513794,32.430503845214844,199.4134521484375,125.14723205566406,0,-253.70689392089844,-53.987152099609375,85.78721618652344,-37.064208984375,8.431511878967285,-127.70231628417969,-206.48915100097656
4,Pressed,1.0446001291275024,1.690366268157959,1.0473185777664185,27.89198875427246,197.39927673339844,122.8289566040039,0,-253.41351318359375,-57.007877349853516,94.95124816894531,-37.98788070678711,2.6464884281158447,-127.74726867675781,-197.1416778564453
4,Pressed,1.0516020059585571,1.688881516456604,1.045886754989624,24.242721557617188,196.44395446777344,121.1272964477539,0,-253.01605224609375,-57.78504180908203,96.8656997680664,-39.190128326416016,2.1542840003967285,-127.7527084350586,-192.06353759765625
-4,Pressed,1.0470093488693237,1.684356927871704,1.0473439693450928,24.146865844726562,195.8619384765625,120.93899536132812,0,-253.13504028320312,-57.769622802734375,94.92142486572266,-38.94375991821289,2.8279120922088623,-127.74474334716797,-193.2314910888672
-4,Pressed,1.0425071716308594,1.6896111965179443,1.0477303266525269,28.379962921142578,197.3511199951172,122.88174438476562,0,-253.49459838867188,-57.065025329589844,94.60431671142578,-37.765052795410156,2.740630626678467,-127.7463150024414,-197.8512725830078
-4,Pressed,1.0352554321289062,1.6923096179962158,1.0488948822021484,32.79800796508789,198.830322265625,125.13993835449219,0,-254.0974884033203,-56.80294418334961,94.71715545654297,-36.67481231689453,2.0697526931762695,-127.46430969238281,-202.7129364013672
-4,Pressed,1.0323309898376465,1.6918901205062866,1.048941731452942,36.83544921875,199.9249267578125,126.98770904541016,0,-255.95533752441406,-56.95308303833008,95.74065399169922,-38.35337829589844,1.535570740699768,-125.33908081054688,-206.8203125
-4,Pressed,1.0328559875488281,1.6933029890060425,1.0477194786071777,41.81508255004883,201.71498107910156,129.40878295898438,0,-258.5722961425781,-57.294677734375,98.01298522949219,-41.39305877685547,0.9554042816162109,-122.1489028930664,-211.13217163085938
-4,Pressed,1.0337035655975342,1.6946163177490234,1.0464296340942383,46.74372863769531,203.9311981201172,132.29400634765625,0,-261.1977233886719,-57.814971923828125,100.31442260742188,-44.54091262817383,0.46582216024398804,-118.8420181274414,-215.346435546875
-4,Pressed,1.034334659576416,1.6954360008239746,1.0452969074249268,51.48060607910156,206.6668701171875,135.72317504882812,0,-263.6879577636719,-58.530704498291016,102.4996566772461,-47.6009407043457,0.031042413786053658,-115.58094024658203,-219.4462432861328
-6,Pressed,1.0377848148345947,1.7018795013427734,1.0431208610534668,52.66392135620117,213.1332244873047,142.99667358398438,0,-264.2403564453125,-57.28197479248047,104.57191467285156,-47.83646011352539,-2.177436113357544,-115.41352081298828,-222.09620666503906
-6,Pressed,1.037128210067749,1.7019866704940796,1.0430375337600708,49.952857971191406,217.47132873535156,148.6180419921875,0,-263.6152038574219,-55.012413024902344,103.84622955322266,-46.5477180480957,-4.529543399810791,-116.94889068603516,-223.63720703125
-6,Pressed,1.0380859375,1.7039871215820312,1.042548418045044,46.33562088012695,222.21783447265625,154.8580322265625,0,-262.87774658203125,-52.20139694213867,103.38712310791016,-45.3802490234375,-7.59913444519043,-118.51215362548828,-225.43951416015625
-6,Pressed,1.0391604900360107,1.7060961723327637,1.0419983863830566,42.88783264160156,225.91525268554688,159.8790740966797,0,-262.3106689453125,-49.71857833862305,103.06446075439453,-44.702388763427734,-10.428691864013672,-119.60221099853516,-227.224365234375
-6,Pressed,1.0404093265533447,1.7081122398376465,1.041501760482788,39.21741485595703,228.99375915527344,164.32009887695312,0,-261.8592834472656,-47.26324462890625,102.7461929321289,-44.4393424987793,-13.268654823303223,-120.34402465820312,-229.04705810546875
-6,Pressed,1.041783332824707,1.709973931312561,1.0410704612731934,35.87190246582031,231.4647216796875,168.0206298828125,0,-261.6374816894531,-45.11284255981445,102.60227966308594,-44.62682342529297,-15.804689407348633,-120.64164733886719,-230.75955200195312
-6,Pressed,1.0440565347671509,1.7122995853424072,1.040566086769104,31.53546142578125,233.91958618164062,172.0458526611328,0,-261.4974365234375,-42.460205078125,102.49174499511719,-45.309844970703125,-18.855104446411133,-120.66516876220703,-232.67222595214844
-6,Pressed,1.0460615158081055,1.7141072750091553,1.0402936935424805,27.943279266357422,235.7388916015625,175.16578674316406,0,-261.58221435546875,-40.34430694580078,102.5838623046875,-46.27463150024414,-21.319965362548828,-120.33318328857422,-234.2454071044922
-6,Pressed,1.0483630895614624,1.7159291505813599,1.0400424003601074,23.86651611328125,237.34707641601562,178.28897094726562,0,-261.8211669921875,-38.01988983154297,102.72993469238281,-47.664764404296875,-23.930957794189453,-119.70689392089844,-235.8032684326172
-6,Pressed,1.051342248916626,1.7178548574447632,1.0397493839263916,19.254871368408203,238.77059936523438,181.4901885986328,0,-262.3193664550781,-35.443153381347656,103.05921173095703,-49.6296501159668,-26.67826271057129,-118.68946838378906,-237.2841033935547
-6,Pressed,1.0541510581970215,1.7192999124526978,1.039614200592041,15.01298999786377,239.83941650390625,184.27845764160156,0,-263.0406799316406,-33.12722396850586,103.5650634765625,-51.80404281616211,-29.067110061645508,-117.43909454345703,-238.4649658203125
-6,Pressed,1.0564861297607422,1.7202637195587158,1.0396397113800049,11.143951416015625,240.593505859375,186.69630432128906,0,-263.887451171875,-31.070377349853516,104.16231536865234,-54.01485824584961,-31.15607261657715,-116.09455871582031,-239.3743438720703
-6,Pressed,1.0589191913604736,1.7210822105407715,1.0395420789718628,6.81596565246582,241.14520263671875,189.21669006347656,0,-265.00665283203125,-28.80316734313965,104.93021392822266,-56.64577865600586,-33.36516189575195,-114.48323822021484,-240.154541015625
-6,Pressed,1.0617263317108154,1.7217893600463867,1.0393248796463013,1.8992189168930054,241.45523071289062,191.94442749023438,0,-266.525390625,-26.248382568359375,106.01773834228516,-59.832218170166016,-35.75347900390625,-112.52544403076172,-240.7200469970703
-6,Pressed,1.06386399269104,1.7220041751861572,1.0394378900527954,358.02154541015625,241.58493041992188,194.15292358398438,0,-268.0234069824219,-24.3066463470459,107.24820709228516,-62.590911865234375,-37.662757873535156,-110.78062438964844,-240.95628356933594
-6,Pressed,1.0657691955566406,1.7220141887664795,1.0391851663589478,353.42144775390625,241.37579345703125,196.6433868408203,0,-269.9580383300781,-22.054502487182617,108.82015991210938,-65.8847885131836,-39.907596588134766,-108.7813949584961,-240.9441375732422
-6,Pressed,1.0679041147232056,1.7218644618988037,1.0389213562011719,348.696044921875,240.99624633789062,199.288818359375,0,-272.2804260253906,-19.901514053344727,111.06854248046875,-69.47425079345703,-42.3795166015625,-106.73577880859375,-240.5393829345703
-6,Pressed,1.0694656372070312,1.721405267715454,1.0385966300964355,344.31805419921875,240.38043212890625,201.8175506591797,0,-274.5703430175781,-18.142864227294922,113.60961151123047,-72.94063568115234,-44.937320709228516,-104.99285888671875,-239.71182250976562
-6,Pressed,1.0707021951675415,1.7208232879638672,1.038338541984558,339.92999267578125,239.50990295410156,204.43519592285156,0,-276.61248779296875,-16.64693260192871,116.31219482421875,-76.45372772216797,-47.82278823852539,-103.57569122314453,-238.42877197265625
-6,Pressed,1.0716726779937744,1.7200109958648682,1.0380061864852905,335.58758544921875,238.36624145507812,207.1963653564453,0,-278.2695617675781,-15.424705505371094,118.99727630615234,-80.05142974853516,-50.98342514038086,-102.52149200439453,-236.68829345703125
-6,Pressed,1.072167992591858,1.719061017036438,1.0376410484313965,331.65252685546875,237.04345703125,209.93954467773438,0,-279.38958740234375,-14.484272003173828,121.2354507446289,-83.45166015625,-54.05570602416992,-101.81925964355469,-234.7678985595703
-6,Pressed,1.0728994607925415,1.7180386781692505,1.0373892784118652,327.14520263671875,235.20645141601562,213.3702850341797,0,-280.14617919921875,-13.352007865905762,123.2145767211914,-87.37447357177734,-57.56025695800781,-101.22150421142578,-232.40040588378906
4,Pressed,1.0732121467590332,1.717556357383728,1.0384531021118164,323.6516418457031,236.40185546875,211.42816162109375,0,-278.9649963378906,-9.927835464477539,118.41715240478516,-86.7330093383789,-55.960426330566406,-100.02013397216797,-236.15870666503906
4,Pressed,1.0706043243408203,1.71700918674469,1.0373256206512451,321.05908203125,239.25689697265625,206.00393676757812,0,-278.24237060546875,-3.177955389022827,107.61925506591797,-83.7440414428711,-49.03856658935547,-96.4194564819336,-245.33624267578125
4,Pressed,1.0699268579483032,1.718323826789856,1.035830020904541,319.29449462890625,242.345458984375,200.7981719970703,0,-288.4530944824219,4.730957984924316,105.73055267333984,-80.87774658203125,-40.13851547241211,-92.30260467529297,-256.3397521972656
4,Pressed,1.0890833139419556,1.7165731191635132,1.051129937171936,316.92144775390625,250.1768798828125,194.12664794921875,0,-296.4706115722656,11.387191772460938,108.052001953125,-77.79623413085938,-33.56621170043945,-91.21035766601562,-266.1905517578125
4,Pressed,1.0946159362792969,1.7155460119247437,1.056557297706604,315.0164794921875,255.55743408203125,187.7467803955078,0,-302.2370910644531,15.380523681640625,110.15364837646484,-75.3057632446289,-30.684253692626953,-92.390380859375,-272.5799865722656
-6,Pressed,1.0917946100234985,1.7134766578674316,1.0557178258895874,310.9623718261719,256.32171630859375,185.7936553955078,0,-302.3345642089844,17.628076553344727,109.71089935302734,-76.87332153320312,-32.495914459228516,-91.58842468261719,-272.4908752441406
-6,Pressed,1.0916097164154053,1.711716890335083,1.055557131767273,307.27435302734375,254.99673461914062,187.4688720703125,0,-299.48736572265625,18.407238006591797,108.55254364013672,-79.9027328491211,-35.520225524902344,-89.81230926513672,-269.3294982910156
-6,Pressed,1.0920250415802002,1.7107974290847778,1.0549663305282593,301.98016357421875,252.4090118408203,190.507568359375,0,-296.0108642578125,20.116928100585938,106.70201873779297,-83.93355560302734,-39.34640121459961,-87.4553451538086,-265.120849609375
6,Pressed,1.0883941650390625,1.7128632068634033,1.0520449876785278,303.07012939453125,251.9158477783203,190.26551818847656,0,-296.6745300292969,19.779621124267578,106.2662353515625,-83.01570129394531,-38.48426055908203,-87.96327209472656,-266.06121826171875
6,Pressed,1.0898081064224243,1.7137794494628906,1.0535701513290405,307.2774963378906,254.39328002929688,187.60720825195312,0,-299.4939270019531,18.579252243041992,107.8495864868164,-79.60494232177734,-35.27432632446289,-89.96443176269531,-269.65216064453125
6,Pressed,1.089487910270691,1.7146779298782349,1.0541220903396606,312.0647277832031,256.21600341796875,185.36447143554688,0,-303.4202880859375,17.597299575805664,109.51707458496094,-75.87783813476562,-31.325218200683594,-92.09744262695312,-273.69012451171875
6,Pressed,1.0884571075439453,1.7153983116149902,1.054561734199524,317.4685974121094,257.67535400390625,183.34461975097656,0,-308.8107604980469,17.001476287841797,111.52152252197266,-71.70742797851562,-26.427602767944336,-94.55977630615234,-278.31256103515625
6,Pressed,1.0871905088424683,1.716241717338562,1.054973840713501,322.4001770019531,258.65252685546875,181.72427368164062,0,-314.6072998046875,17.057985305786133,113.27906799316406,-67.7424545288086,-21.40005874633789,-97.09044647216797,-282.78570556640625
6,Pressed,1.0859756469726562,1.7169896364212036,1.055633544921875,327.04351806640625,259.443359375,180.29559326171875,0,-320.6925048828125,17.568347930908203,114.91773986816406,-63.8977165222168,-16.292997360229492,-99.84246826171875,-287.1162109375
6,Pressed,1.0838409662246704,1.7174392938613892,1.0555188655853271,331.5826721191406,259.8511047363281,179.06564331054688,0,-327.0270080566406,18.328771591186523,116.39701080322266,-60.22437286376953,-11.144142150878906,-102.86425018310547,-291.13934326171875
6,Pressed,1.0790373086929321,1.7182806730270386,1.0542433261871338,337.9581298828125,260.0105895996094,177.8158416748047,0,-336.30059814453125,19.449813842773438,118.59196472167969,-55.3372917175293,-4.019930839538574,-107.43484497070312,-296.1767883300781
6,Pressed,1.0775697231292725,1.7181944847106934,1.0545885562896729,342.0175476074219,260.2302551269531,176.78907775878906,0,-342.35198974609375,20.69788932800293,119.96147155761719,-52.01459884643555,0.7175425291061401,-110.95755767822266,-299.1432189941406
5,Pressed,1.0718944072723389,1.7200461626052856,1.050553321838379,343.93536376953125,261.64483642578125,176.75070190429688,0,-344.9053649902344,20.429052352905273,120.16319274902344,-51.25272750854492,2.610605239868164,-111.754638671875,-302.2013854980469
5,Pressed,1.0758121013641357,1.7196462154388428,1.0530622005462646,343.98583984375,268.5852966308594,176.5549774169922,0,-343.2363586425781,18.59286880493164,122.0240249633789,-52.99380874633789,0.9529865384101868,-109.76798248291016,-306.55743408203125
5,Pressed,1.0774929523468018,1.7191756963729858,1.0536866188049316,344.0545349121094,273.2288818359375,176.54432678222656,0,-342.06634521484375,17.235380172729492,122.89679718017578,-54.382118225097656,0.02724694274365902,-108.28269958496094,-309.7090759277344
5,Pressed,1.075189232826233,1.7203583717346191,1.0509814023971558,344.04864501953125,277.75115966796875,176.7369384765625,0,-341.28802490234375,15.540133476257324,123.52120971679688,-55.79845428466797,-0.9072842597961426,-106.735107421875,-313.40850830078125
5,Pressed,1.0717322826385498,1.7212436199188232,1.047816514968872,344.0670471191406,281.4633483886719,176.9390106201172,0,-340.86517333984375,14.120113372802734,123.80504608154297,-56.9822998046875,-1.4665100574493408,-105.43914031982422,-316.7998046875
-5,Pressed,1.0872899293899536,1.7178643941879272,1.058974266052246,344.08990478515625,283.9042663574219,176.2529754638672,0,-339.42620849609375,14.549321174621582,125.54285430908203,-56.933372497558594,-1.9934515953063965,-105.552001953125,-316.13543701171875
-5,Pressed,1.0844767093658447,1.717900037765503,1.0577186346054077,344.0456237792969,278.87603759765625,176.3165283203125,0,-340.4004211425781,15.893133163452148,124.44718170166016,-55.76131057739258,-1.1707180738449097,-106.83983612060547,-312.73834228515625
-5,Pressed,1.076627254486084,1.7194604873657227,1.0526394844055176,343.9708251953125,272.25396728515625,176.62669372558594,0,-342.1343994140625,17.319902420043945,122.67548370361328,-54.302669525146484,0.030452057719230652,-108.42581939697266,-309.02301025390625
-5,Pressed,1.0784317255020142,1.7183436155319214,1.054979920387268,343.9593811035156,267.61285400390625,176.44784545898438,0,-343.14532470703125,19.01490020751953,122.06056213378906,-52.78723907470703,1.0856322050094604,-110.091796875,-305.35009765625
-5,Pressed,1.0788252353668213,1.7176086902618408,1.0564799308776855,343.9460144042969,262.8123474121094,176.3333282470703,0,-344.4626159667969,20.663593292236328,121.38180541992188,-51.166954040527344,2.2811970710754395,-111.84175872802734,-301.79754638671875
-5,Pressed,1.077763557434082,1.7173964977264404,1.056563377380371,343.9179992675781,257.72052001953125,176.30372619628906,0,-345.9836120605469,22.208484649658203,120.53706359863281,-49.520591735839844,3.5685198307037354,-113.65967559814453,-298.25665283203125
-5,Pressed,1.0772783756256104,1.7169363498687744,1.0572421550750732,343.8874206542969,252.75833129882812,176.2278594970703,0,-347.5816345214844,23.757301330566406,119.8369140625,-47.79365539550781,4.9148173332214355,-115.5615463256836,-294.6907043457031
-5,Pressed,1.0766410827636719,1.7165708541870117,1.0577514171600342,343.8569030761719,247.7516632080078,176.166015625,0,-349.2845153808594,25.258451461791992,119.14788055419922,-46.00760269165039,6.344432830810547,-117.53752899169922,-291.0809326171875
-5,Pressed,1.0760197639465332,1.7165566682815552,1.0582895278930664,343.81903076171875,243.25460815429688,176.1044464111328,0,-350.9796447753906,26.583572387695312,118.65406036376953,-44.233158111572266,7.678129196166992,-119.447021484375,-287.78497314453125
-5,Pressed,1.075048804283142,1.7160645723342896,1.0587503910064697,343.7911376953125,237.80758666992188,176.02304077148438,0,-353.0220642089844,28.129457473754883,117.93545532226562,-42.20212173461914,9.434264183044434,-121.70177459716797,-283.7765197753906
-5,Pressed,1.074414610862732,1.715939998626709,1.0590163469314575,343.734375,233.25704956054688,175.9997100830078,0,-354.73187255859375,29.30071258544922,117.48004913330078,-40.48472595214844,10.847145080566406,-123.59947204589844,-280.2737121582031
-5,Pressed,1.0736808776855469,1.715792179107666,1.059564232826233,343.70697021484375,228.32850646972656,175.91627502441406,0,-356.76702880859375,30.59418296813965,117.0304183959961,-38.4522705078125,12.5806303024292,-125.7967758178711,-276.4033203125
2,Pressed,1.069640874862671,1.725233554840088,1.0528010129928589,343.6532897949219,225.16957092285156,176.4652099609375,0,-361.82183837890625,27.901268005371094,130.48040771484375,-36.19064712524414,5.471036911010742,-127.41017150878906,-269.74627685546875
2,Pressed,1.0737128257751465,1.7370917797088623,1.0497770309448242,343.80780029296875,225.8792266845703,178.0018768310547,0,-362.6059875488281,25.7716007232666,136.48178100585938,-35.25989532470703,1.5958960056304932,-127.70567321777344,-268.13189697265625
2,Pressed,1.074584722518921,1.7461127042770386,1.0449165105819702,343.80120849609375,226.10462951660156,179.26406860351562,0,-361.56854248046875,24.91840171813965,134.99095153808594,-34.854454040527344,1.4389314651489258,-127.72169494628906,-269.0268249511719
2,Pressed,1.074013113975525,1.7564693689346313,1.0384896993637085,343.70849609375,225.99761962890625,180.78701782226562,0,-360.3589172363281,24.103229522705078,132.49317932128906,-34.312252044677734,1.5848052501678467,-127.72329711914062,-270.20855712890625
2,Pressed,1.0739983320236206,1.7651524543762207,1.0338516235351562,343.5957336425781,226.13316345214844,182.08302307128906,0,-359.2852478027344,23.48914337158203,130.45556640625,-33.72829818725586,1.7079477310180664,-127.72355651855469,-271.2923278808594
2,Pressed,1.0740925073623657,1.7749407291412354,1.0290553569793701,343.41058349609375,226.35951232910156,183.57308959960938,0,-358.08099365234375,22.860021591186523,128.22784423828125,-32.9565544128418,1.8274286985397339,-127.7243881225586,-272.5278015136719
2,Pressed,1.073660969734192,1.783926248550415,1.0245943069458008,343.1846618652344,226.4889373779297,184.9671173095703,0,-357.072021484375,22.35272216796875,126.13076782226562,-32.155906677246094,1.9847054481506348,-127.72459411621094,-273.68902587890625
2,Pressed,1.0731732845306396,1.7927976846694946,1.0204333066940308,342.907470703125,226.643310546875,186.35955810546875,0,-356.13531494140625,21.903928756713867,124.1209716796875,-31.27523422241211,2.143700361251831,-127.72481536865234,-274.8520202636719
2,Pressed,1.0726344585418701,1.8015416860580444,1.0165436267852783,342.5804138183594,226.81915283203125,187.74278259277344,0,-355.2796630859375,21.50916862487793,122.19689178466797,-30.324779510498047,2.313917398452759,-127.72500610351562,-276.01861572265625
2,Pressed,1.0719722509384155,1.8094069957733154,1.0131361484527588,342.2438659667969,226.98025512695312,188.9915313720703,0,-354.59942626953125,21.194955825805664,120.49282836914062,-29.402021408081055,2.506803512573242,-127.7246322631836,-277.100830078125
2,Pressed,1.0713179111480713,1.8187106847763062,1.0092952251434326,341.7787170410156,227.1719207763672,190.4780731201172,0,-353.8418273925781,20.851821899414062,118.5853500366211,-28.249296188354492,2.702153444290161,-127.72500610351562,-278.3497619628906
5,Pressed,1.0675595998764038,1.8255409002304077,1.004040241241455,341.22528076171875,228.39100646972656,191.0302734375,0,-353.9126281738281,20.655088424682617,116.56843566894531,-27.402843475341797,3.40899920463562,-127.71863555908203,-281.0898742675781
-5,Pressed,1.0767093896865845,1.8218059539794922,1.0148816108703613,341.2557067871094,231.014892578125,190.3546142578125,0,-353.216064453125,20.753578186035156,119.7095718383789,-27.391597747802734,2.2792091369628906,-127.7322998046875,-280.6854248046875
-5,Pressed,1.077874779701233,1.8163361549377441,1.0155386924743652,342.3704833984375,226.62265014648438,190.7254180908203,0,-353.21539306640625,20.817319869995117,120.23950958251953,-28.388429641723633,2.2672011852264404,-127.7303466796875,-275.9127502441406
-5,Pressed,1.0703129768371582,1.8156139850616455,1.0051805973052979,343.2772521972656,219.47955322265625,191.87477111816406,0,-353.77459716796875,20.630767822265625,118.43608093261719,-29.29891014099121,2.462958574295044,-127.72677612304688,-271.1927490234375
-5,Pressed,1.069149136543274,1.8110995292663574,1.0025899410247803,344.78778076171875,213.74838256835938,192.3478546142578,0,-354.2535095214844,20.41291618347168,118.98845672607422,-30.361042022705078,2.502218723297119,-127.72488403320312,-265.5098571777344
-5,Pressed,1.0705416202545166,1.8066928386688232,1.0031195878982544,346.0248718261719,209.5854034423828,192.5064697265625,0,-354.59332275390625,20.167587280273438,120.56675720214844,-31.203989028930664,2.1379311084747314,-127.72762298583984,-260.4862976074219
-5,Pressed,1.0712541341781616,1.8017723560333252,1.0027275085449219,347.7794189453125,204.3291015625,192.52322387695312,0,-355.41229248046875,19.734825134277344,122.49787139892578,-32.201507568359375,2.050762176513672,-127.72687530517578,-254.2842559814453
-5,Pressed,1.0708779096603394,1.7983884811401367,1.0010288953781128,349.3486328125,199.31964111328125,192.5158233642578,0,-356.4210205078125,19.210206985473633,124.4229736328125,-33.00996017456055,1.8350603580474854,-127.72746276855469,-248.59661865234375
-5,Pressed,1.0718138217926025,1.7939836978912354,1.0008039474487305,351.38214111328125,193.844970703125,192.0435791015625,0,-358.02752685546875,18.475305557250977,127.64892578125,-33.924827575683594,1.739804983139038,-127.7265853881836,-241.64584350585938
-3,Pressed,1.0672028064727783,1.796104907989502,0.9848829507827759,351.3095703125,191.24119567871094,192.13389587402344,0,-356.64825439453125,17.813522338867188,123.29085540771484,-35.279361724853516,2.045729398727417,-127.72561645507812,-241.9635772705078
-3,Pressed,1.0643584728240967,1.7996327877044678,0.96546471118927,349.8271484375,191.4130401611328,192.3109893798828,0,-353.1208801269531,17.551774978637695,115.73531341552734,-36.85227966308594,2.1558759212493896,-127.728271484375,-246.33364868164062
-3,Pressed,1.0608900785446167,1.8035967350006104,0.9450969696044922,348.39080810546875,191.48255920410156,192.42379760742188,0,-349.9907531738281,17.53972625732422,107.97370147705078,-38.22447967529297,2.400442361831665,-127.72937774658203,-251.10565185546875
-3,Pressed,1.0564229488372803,1.808546781539917,0.9205985069274902,346.8050231933594,191.1259002685547,192.52127075195312,0,-347.2633361816406,17.766427993774414,99.4100570678711,-39.5567512512207,2.6599581241607666,-127.73079681396484,-256.6734924316406
-3,Pressed,1.0527324676513672,1.8136903047561646,0.8953394889831543,345.1642761230469,190.81121826171875,192.4525146484375,0,-345.36981201171875,18.211063385009766,91.28572082519531,-40.71894454956055,2.892322063446045,-127.73226928710938,-262.6861877441406
-3,Pressed,1.0499718189239502,1.8190724849700928,0.869344174861908,343.4954528808594,190.5064239501953,192.197265625,0,-344.50396728515625,18.794879913330078,83.81279754638672,-41.68369674682617,3.0881662368774414,-127.73385620117188,-269.0777587890625
-3,Pressed,1.0483336448669434,1.824691891670227,0.8427825570106506,341.86090087890625,190.19712829589844,191.7418212890625,0,-344.7269592285156,19.417570114135742,77.11353302001953,-42.42390823364258,3.2638909816741943,-127.73515319824219,-275.7362060546875
-3,Pressed,1.0479962825775146,1.8307732343673706,0.8145657777786255,340.2908935546875,189.7449188232422,191.09169006347656,0,-346.0603332519531,19.99666976928711,70.9566650390625,-42.94289016723633,3.4535741806030273,-127.736328125,-282.7381286621094
-3,Pressed,1.0488423109054565,1.8361635208129883,0.7904322743415833,338.957763671875,189.76429748535156,190.24693298339844,0,-347.98968505859375,20.361398696899414,66.47379302978516,-43.139617919921875,3.5478949546813965,-127.7372055053711,-289.0919494628906
-3,Pressed,1.0506360530853271,1.8418391942977905,0.7652230858802795,337.8087158203125,189.59886169433594,189.30044555664062,0,-350.7203369140625,20.522846221923828,62.528072357177734,-43.09765625,3.68027925491333,-127.73747253417969,-295.41900634765625
-3,Pressed,1.053098440170288,1.8473533391952515,0.7410123348236084,336.88037109375,189.52554321289062,188.2770538330078,0,-353.9467468261719,20.419893264770508,59.4914665222168,-42.7930793762207,3.7952113151550293,-127.73762512207031,-301.3605041503906
-3,Pressed,1.055901050567627,1.8526448011398315,0.7177579998970032,336.1771240234375,189.5026092529297,187.2421875,0,-357.574462890625,20.044414520263672,57.338592529296875,-42.236690521240234,3.901528835296631,-127.73751831054688,-306.8204040527344
-3,Pressed,1.0587843656539917,1.8576912879943848,0.6952505111694336,335.67279052734375,189.51930236816406,186.2344970703125,0,-361.5870056152344,19.409849166870117,56.06206130981445,-41.43741989135742,4.0024847984313965,-127.73721313476562,-311.7955627441406
-3,Pressed,1.0618302822113037,1.8627662658691406,0.6718319058418274,335.31201171875,189.515869140625,185.23155212402344,0,-366.3080139160156,18.482526779174805,55.687129974365234,-40.33854675292969,4.081725120544434,-127.73688507080078,-316.5392150878906
-3,Pressed,1.064408540725708,1.8670439720153809,0.6508472561836243,335.1402893066406,189.52590942382812,184.41256713867188,0,-371.134033203125,17.45028305053711,56.260948181152344,-39.12934112548828,4.213620662689209,-127.73575592041016,-320.4371337890625
1,Pressed,1.0751861333847046,1.8689086437225342,0.6420128345489502,334.87664794921875,189.70480346679688,183.7526397705078,0,-370.7911682128906,17.542861938476562,52.81450653076172,-39.579654693603516,4.32234525680542,-127.73190307617188,-323.6022644042969
1,Pressed,1.1053271293640137,1.870018482208252,0.6354724168777466,334.3815002441406,189.20867919921875,182.91079711914062,0,-366.107177734375,18.923641204833984,42.5113525390625,-42.030860900878906,4.3418474197387695,-127.73727416992188,-328.91888427734375
1,Pressed,1.121029019355774,1.8704288005828857,0.6333127617835999,334.0906066894531,189.42886352539062,182.34886169433594,0,-364.2251892089844,19.75956916809082,37.5819206237793,-43.21784210205078,4.392824649810791,-127.73523712158203,-332.2018737792969
-1,Pressed,1.1216728687286377,1.8705730438232422,0.6317030787467957,334.1278076171875,188.546875,182.56411743164062,0,-364.79608154296875,19.71141815185547,37.569183349609375,-43.16395568847656,4.463343620300293,-127.73828125,-331.8937072753906
-1,Pressed,1.0992552042007446,1.8700878620147705,0.635535478591919,334.5049133300781,188.88372802734375,183.22457885742188,0,-367.2245178222656,18.54427719116211,44.57099533081055,-41.45803451538086,4.368914604187012,-127.7372817993164,-327.6170349121094
-1,Pressed,1.075460433959961,1.869262933731079,0.6397006511688232,334.91632080078125,189.16107177734375,183.87538146972656,0,-371.3573913574219,17.392772674560547,53.01369857788086,-39.43645095825195,4.287315845489502,-127.73617553710938,-323.4704895019531
-1,Pressed,1.0565495491027832,1.8683254718780518,0.6427324414253235,335.20556640625,189.3037109375,184.29981994628906,0,-375.9389953613281,16.631362915039062,60.61430358886719,-37.6790771484375,4.164656639099121,-127.7369155883789,-320.4955139160156
-1,Pressed,1.0299859046936035,1.8665480613708496,0.6479017734527588,335.5989685058594,189.74307250976562,184.87716674804688,0,-383.5647277832031,15.942675590515137,72.0715103149414,-35.07405471801758,4.101942539215088,-127.7323226928711,-316.8447265625
-1,Pressed,1.0096203088760376,1.8645033836364746,0.6522572636604309,335.8620300292969,190.25860595703125,185.16964721679688,0,-390.115966796875,15.758450508117676,81.47177124023438,-33.0183219909668,3.8889312744140625,-127.7333755493164,-314.3949890136719
-3,Pressed,0.9967634677886963,1.8635637760162354,0.6494250893592834,336.05743408203125,191.84983825683594,184.79360961914062,0,-396.1256408691406,15.550168991088867,88.36048889160156,-31.38261604309082,3.8653249740600586,-127.7315444946289,-314.8282470703125
-3,Pressed,0.9981166124343872,1.8668546676635742,0.6249397993087769,335.887451171875,191.51536560058594,184.21282958984375,0,-403.6402587890625,14.883126258850098,92.11134338378906,-29.928672790527344,3.855226993560791,-127.73065948486328,-318.0691223144531
-3,Pressed,0.9989657402038574,1.8692500591278076,0.6030259132385254,335.81524658203125,191.46372985839844,183.69432067871094,0,-411.42333984375,14.358266830444336,96.80072021484375,-28.44022560119629,3.880009412765503,-127.72955322265625,-320.9103088378906
-3,Pressed,0.9977559447288513,1.870605230331421,0.5835534334182739,335.8329772949219,192.0506591796875,183.1333770751953,0,-419.76007080078125,14.014966011047363,103.00187683105469,-26.822572708129883,3.784231662750244,-127.73017883300781,-323.5150146484375
-3,Pressed,0.996685266494751,1.8716002702713013,0.5618844032287598,335.875,192.51734924316406,182.6425323486328,0,-429.4377746582031,13.849686622619629,110.61099243164062,-24.96491050720215,3.568635940551758,-127.73046875,-326.05206298828125
-3,Pressed,0.996788740158081,1.872167944908142,0.5403817892074585,335.9271545410156,192.62838745117188,182.3263397216797,0,-438.84686279296875,13.95756721496582,117.82169342041016,-23.15157127380371,3.5348026752471924,-127.72998809814453,-328.2703552246094
-3,Pressed,0.99666428565979,1.8721160888671875,0.5194953680038452,335.9885559082031,192.7982177734375,182.08688354492188,0,-448.01800537109375,14.32056713104248,125.29191589355469,-21.280712127685547,3.3420732021331787,-127.72978210449219,-330.21441650390625
-3,Pressed,0.9966078996658325,1.871486783027649,0.4981909990310669,336.0462951660156,192.97100830078125,181.9236602783203,0,-456.92303466796875,14.995528221130371,132.6068115234375,-19.280742645263672,3.186934232711792,-127.72952270507812,-332.0474548339844
-3,Pressed,0.9968199133872986,1.8703162670135498,0.4773161709308624,336.09722900390625,193.11732482910156,181.85826110839844,0,-464.93487548828125,15.939085006713867,139.04852294921875,-17.238563537597656,3.1966066360473633,-127.7294692993164,-333.7287292480469
1,Pressed,1.012223243713379,1.8724594116210938,0.4684036672115326,336.163818359375,193.54727172851562,181.36416625976562,0,-467.5279846191406,15.02664852142334,139.8860321044922,-17.769718170166016,2.8966903686523438,-127.7310791015625,-336.3167419433594
1,Pressed,1.0303667783737183,1.8758411407470703,0.4659801125526428,336.04168701171875,193.3785400390625,180.87350463867188,0,-467.18560791015625,13.714558601379395,137.2970428466797,-18.986244201660156,2.9252841472625732,-127.7295913696289,-338.4750671386719
-1,Pressed,1.0340601205825806,1.876624584197998,0.4614909291267395,335.6802673339844,191.5184326171875,180.83792114257812,0,-467.6410827636719,13.98597240447998,136.42274475097656,-18.66468620300293,2.840372085571289,-127.73187255859375,-337.8730163574219
-1,Pressed,1.0170894861221313,1.873765468597412,0.4603669047355652,335.4895935058594,190.4134063720703,181.4001922607422,0,-468.2367248535156,15.637415885925293,137.88465881347656,-17.054147720336914,3.2899787425994873,-127.72661590576172,-335.2820129394531
-1,Pressed,0.9908503890037537,1.8684041500091553,0.4665427803993225,335.8672790527344,191.8797149658203,182.06919860839844,0,-468.2295837402344,17.29229736328125,141.48562622070312,-15.492107391357422,3.39575457572937,-127.72856903076172,-332.9813537597656
-1,Pressed,0.9620041251182556,1.861785650253296,0.47628670930862427,336.5550842285156,194.17318725585938,182.93832397460938,0,-468.0777282714844,19.017440795898438,145.7401123046875,-13.83813190460205,3.5418291091918945,-127.73233795166016,-330.8150634765625
-1,Pressed,0.9376459121704102,1.8556175231933594,0.48264867067337036,337.0044860839844,195.13230895996094,183.83689880371094,0,-468.0932922363281,20.927087783813477,148.3753662109375,-11.912688255310059,4.176971912384033,-127.73198699951172,-328.58416748046875
-1,Pressed,0.9202515482902527,1.850631594657898,0.48538726568222046,337.1983337402344,195.12100219726562,184.49795532226562,0,-468.1277770996094,22.62381935119629,149.2136688232422,-10.180936813354492,5.17748498916626,-127.73434448242188,-326.75390625
-1,Pressed,0.9020352363586426,1.8451933860778809,0.48726892471313477,337.2633056640625,194.7518768310547,185.2384490966797,0,-468.0929260253906,24.646713256835938,148.19078063964844,-8.05480670928955,7.69596004486084,-127.73015594482422,-324.8326416015625
-1,Pressed,0.8848518133163452,1.839798927307129,0.49141383171081543,337.6194763183594,195.01644897460938,186.129638671875,0,-468.03167724609375,26.446773529052734,145.4679718017578,-6.157851219177246,12.3291654586792,-127.7359848022461,-323.32421875
-1,Pressed,0.868921160697937,1.8499257564544678,0.49743714928627014,337.43499755859375,194.04603576660156,191.57383728027344,0,-471.59100341796875,28.297489166259766,89.28825378417969,-2.225001335144043,75.19486236572266,-127.44612884521484,-321.5177307128906
2,Pressed,0.8595523834228516,1.8433349132537842,0.5119615793228149,337.2167053222656,197.80018615722656,188.8551483154297,0,-473.5043029785156,27.818180084228516,40.26052474975586,2.6878767013549805,127.55342864990234,-127.73078155517578,-321.34271240234375
2,Pressed,0.8656892776489258,1.8500401973724365,0.5103937387466431,336.15435791015625,197.20423889160156,189.04127502441406,0,-473.1691589355469,27.250391006469727,40.64491653442383,2.2346489429473877,125.7041244506836,-127.75355529785156,-321.95025634765625
2,Pressed,0.8758926391601562,1.8591527938842773,0.505321741104126,334.46075439453125,195.560791015625,189.0909881591797,0,-472.65460205078125,26.43046760559082,34.213523864746094,1.51797616481781,129.0604248046875,-127.76128387451172,-322.8924560546875
2,Pressed,0.8833417296409607,1.8658889532089233,0.49967435002326965,332.8127746582031,194.18312072753906,188.84776306152344,0,-472.25921630859375,25.754623413085938,24.213674545288086,1.3019245862960815,136.19488525390625,-127.47972106933594,-323.756591796875
2,Pressed,0.8873827457427979,1.873584270477295,0.49943751096725464,331.52716064453125,193.89813232421875,189.4265899658203,0,-471.9166259765625,24.947507858276367,20.279403686523438,1.2288771867752075,139.12774658203125,-126.96648406982422,-324.33319091796875
2,Pressed,0.8868550062179565,1.8798222541809082,0.5035378932952881,330.7539978027344,194.79466247558594,190.35240173339844,0,-471.5328674316406,24.180646896362305,14.489279747009277,1.192033052444458,145.33311462402344,-126.4023666381836,-324.97235107421875
2,Pressed,0.8850291967391968,1.8866167068481445,0.5095347166061401,329.97607421875,196.05519104003906,191.5203399658203,0,-471.1598815917969,23.430240631103516,15.270109176635742,1.2653534412384033,145.60879516601562,-125.63402557373047,-325.4180603027344
2,Pressed,0.8848812580108643,1.8941576480865479,0.5131303071975708,328.86920166015625,196.68878173828125,192.5576171875,0,-470.7739562988281,22.688867568969727,15.906488418579102,1.3155564069747925,145.29330444335938,-124.78840637207031,-325.8390808105469
2,Pressed,0.8875224590301514,1.902456283569336,0.5124603509902954,327.33355712890625,196.3163604736328,193.3155975341797,0,-470.3764343261719,21.96690559387207,15.336276054382324,1.3449842929840088,144.95066833496094,-123.87928009033203,-326.25482177734375
2,Pressed,0.8919026255607605,1.9111311435699463,0.5090464353561401,325.5615539550781,195.30442810058594,193.91146850585938,0,-469.9723815917969,21.27906608581543,14.004024505615234,1.3689343929290771,144.60934448242188,-122.92190551757812,-326.659912109375
2,Pressed,0.8958108425140381,1.9198578596115112,0.5059754848480225,323.80841064453125,194.35765075683594,194.5922393798828,0,-469.54913330078125,20.62041473388672,12.82637882232666,1.39288330078125,144.23780822753906,-121.90354919433594,-327.05767822265625
2,Pressed,0.8972946405410767,1.9273501634597778,0.5052433013916016,322.3846740722656,194.02098083496094,195.34764099121094,0,-469.1386413574219,20.054033279418945,12.415728569030762,1.463524580001831,143.86705017089844,-120.90805053710938,-327.4201354980469
1,Pressed,0.9020556807518005,1.9327747821807861,0.510198712348938,322.09552001953125,195.2423858642578,195.8531951904297,0,-469.3592834472656,19.289175033569336,13.733394622802734,1.1917353868484497,143.68118286132812,-121.1346206665039,-328.3892822265625
1,Pressed,0.9217153787612915,1.9354619979858398,0.5108399391174316,322.30694580078125,196.5736083984375,194.17689514160156,0,-470.5594482421875,17.9687442779541,14.71342945098877,1.4407716989517212,142.8034210205078,-122.85352325439453,-330.50384521484375
-1,Pressed,0.9235875606536865,1.9363903999328613,0.5002643465995789,321.3763122558594,193.43780517578125,194.1371307373047,0,-470.1062316894531,18.417728424072266,11.255480766296387,1.348212480545044,143.0341033935547,-122.21185302734375,-329.67755126953125
-1,Pressed,0.9130845069885254,1.934957504272461,0.49679845571517944,320.9247741699219,191.97438049316406,194.903076171875,0,-469.3232421875,19.23200225830078,10.089113235473633,1.404832124710083,143.2476043701172,-121.00010681152344,-328.2784729003906
-1,Pressed,0.8947552442550659,1.9320363998413086,0.4986795485019684,320.90972900390625,191.7416534423828,196.29273986816406,0,-468.46466064453125,20.26028060913086,10.540633201599121,1.3880822658538818,143.5906982421875,-119.51653289794922,-326.6719055175781
-1,Pressed,0.8703985214233398,1.9273486137390137,0.5085040330886841,321.6110534667969,193.3143768310547,198.09817504882812,0,-467.6802673339844,21.285741806030273,13.257761001586914,1.4650278091430664,143.872314453125,-117.97694396972656,-325.14874267578125
-1,Pressed,0.8479056358337402,1.9229319095611572,0.5186440944671631,322.3357238769531,194.73342895507812,199.88232421875,0,-467.0017395019531,22.25928497314453,15.8118314743042,1.5258101224899292,144.16419982910156,-116.4700927734375,-323.7635803222656
-1,Pressed,0.8270190954208374,1.918750286102295,0.5260646343231201,322.8480529785156,195.37586975097656,201.60238647460938,0,-466.355712890625,23.314804077148438,17.468891143798828,1.5373733043670654,144.52745056152344,-114.83810424804688,-322.35284423828125
-1,Pressed,0.8093689680099487,1.9151827096939087,0.5285779237747192,322.9581298828125,194.99632263183594,203.0413818359375,0,-465.7746887207031,24.36588478088379,17.858369827270508,1.5513027906417847,144.88833618164062,-113.14958190917969,-320.9876403808594
-1,Pressed,0.7974338531494141,1.9126534461975098,0.5260489583015442,322.6282043457031,193.8771209716797,203.89662170410156,0,-465.3381042480469,25.202375411987305,17.13505744934082,1.6602537631988525,145.10728454589844,-111.6917495727539,-319.8968811035156
-1,Pressed,0.7850146293640137,1.9102044105529785,0.521293044090271,322.09375,192.2806396484375,204.8611297607422,0,-464.9028015136719,26.177244186401367,15.865004539489746,1.6565978527069092,145.4455108642578,-110.0553970336914,-318.7261657714844
-1,Pressed,0.7701215147972107,1.9071073532104492,0.5188228487968445,321.7572937011719,191.0778045654297,206.09100341796875,0,-464.4737854003906,27.249814987182617,15.141250610351562,1.6083365678787231,145.83709716796875,-108.28187561035156,-317.5317687988281
-1,Pressed,0.7537790536880493,1.9032453298568726,0.5211130976676941,321.8695068359375,190.7971954345703,207.43983459472656,0,-464.0947570800781,28.235837936401367,15.581700325012207,1.6482584476470947,146.12478637695312,-106.58232879638672,-316.4656982421875
-3,Pressed,0.7369948625564575,1.898639440536499,0.5335627198219299,323.46441650390625,193.79835510253906,209.01943969726562,0,-464.9404296875,28.799346923828125,20.369247436523438,1.7841097116470337,146.42849731445312,-105.38714599609375,-316.6698303222656
-3,Pressed,0.7369484305381775,1.8990771770477295,0.5094387531280518,322.3600158691406,192.96914672851562,209.0083770751953,0,-467.58758544921875,29.221078872680664,20.51471519470215,1.7566967010498047,146.94342041015625,-104.0742416381836,-318.22467041015625
-3,Pressed,0.741382896900177,1.8996994495391846,0.48415839672088623,320.8327941894531,191.23391723632812,208.35601806640625,0,-469.4720764160156,29.555253982543945,18.823427200317383,1.7864140272140503,147.3387451171875,-103.09893035888672,-319.3166198730469
-1,Pressed,0.7439798712730408,1.900092363357544,0.4564341902732849,318.37579345703125,187.4145050048828,207.75059509277344,0,-469.9571228027344,30.361713409423828,14.098925590515137,1.7637797594070435,147.68089294433594,-101.5260238647461,-319.07769775390625
-1,Pressed,0.7312352061271667,1.896915316581726,0.4544404149055481,318.01202392578125,186.46966552734375,208.82107543945312,0,-469.47332763671875,31.29340362548828,13.461525917053223,1.7481458187103271,147.89724731445312,-99.94808197021484,-318.1243591308594
-1,Pressed,0.710381269454956,1.8911664485931396,0.46661901473999023,319.177490234375,187.70223999023438,210.7378387451172,0,-469.0047912597656,32.18214797973633,16.071739196777344,1.8339004516601562,148.04046630859375,-98.39726257324219,-317.2292175292969
1,Pressed,0.7033995985984802,1.8896857500076294,0.48598575592041016,321.2291259765625,190.64808654785156,211.80162048339844,0,-469.1059875488281,31.977449417114258,20.398527145385742,1.787023663520813,148.0006866455078,-98.85033416748047,-317.4816589355469
1,Pressed,0.7102020382881165,1.8920261859893799,0.5001287460327148,322.5948791503906,193.42674255371094,211.55606079101562,0,-469.54119873046875,31.02305793762207,23.646907806396484,1.902989149093628,147.76278686523438,-100.433837890625,-318.4325256347656
1,Pressed,0.7251294255256653,1.8960461616516113,0.4963899850845337,322.2916259765625,193.6417999267578,210.2268829345703,0,-470.03839111328125,30.12026023864746,23.117677688598633,1.85551118850708,147.59994506835938,-101.9670639038086,-319.38641357421875
1,Pressed,0.7489591836929321,1.9014842510223389,0.478540301322937,320.7550354003906,191.817626953125,207.75543212890625,0,-470.66375732421875,29.143564224243164,19.541305541992188,1.791991949081421,147.40098571777344,-103.61294555664062,-320.4600524902344
1,Pressed,0.775505542755127,1.907623529434204,0.45963236689567566,319.10186767578125,189.56021118164062,205.19308471679688,0,-471.3320617675781,28.176923751831055,15.433011054992676,1.7115782499313354,147.2215118408203,-105.2302017211914,-321.5684814453125
1,Pressed,0.7971451878547668,1.912615180015564,0.4503878653049469,318.3665771484375,188.6622772216797,203.31704711914062,0,-472.02044677734375,27.219465255737305,13.376185417175293,1.6542637348175049,147.0498504638672,-106.80972290039062,-322.7138671875
1,Pressed,0.8104790449142456,1.9154038429260254,0.4524213969707489,318.7586669921875,189.71310424804688,202.2758026123047,0,-472.7384948730469,26.283063888549805,14.129531860351562,1.6437222957611084,146.8666229248047,-108.33861541748047,-323.89752197265625
1,Pressed,0.8191306591033936,1.9171507358551025,0.46028685569763184,319.67266845703125,191.85548400878906,201.7313690185547,0,-473.4976806640625,25.373987197875977,16.41606903076172,1.6365095376968384,146.6985626220703,-109.82111358642578,-325.1190490722656
1,Pressed,0.8299481272697449,1.9194788932800293,0.4685191512107849,320.5237731933594,194.25082397460938,201.02767944335938,0,-474.43035888671875,24.292781829833984,18.92530059814453,1.716293454170227,146.42825317382812,-111.45801544189453,-326.57763671875
1,Pressed,0.8433244228363037,1.922342300415039,0.4691219925880432,320.69775390625,195.1157684326172,200.06930541992188,0,-475.3006896972656,23.43231773376465,19.436866760253906,1.6403230428695679,146.32582092285156,-112.81808471679688,-327.84759521484375
1,Pressed,0.8641047477722168,1.9262259006500244,0.4624937176704407,320.3100891113281,194.72496032714844,198.32765197753906,0,-476.3868408203125,22.428762435913086,18.181392669677734,1.636484980583191,146.14559936523438,-114.28632354736328,-329.3258972167969
1,Pressed,0.8890748023986816,1.9306005239486694,0.45247748494148254,319.6849670410156,193.53082275390625,196.2531280517578,0,-477.63262939453125,21.397029876708984,15.886063575744629,1.6206618547439575,146.00404357910156,-115.76016235351562,-330.91241455078125
1,Pressed,0.910464346408844,1.9343198537826538,0.4444301724433899,319.2032775878906,192.37252807617188,194.62640380859375,0,-478.7721252441406,20.5876522064209,13.841370582580566,1.4937982559204102,146.00653076171875,-116.9669189453125,-332.2785949707031
1,Pressed,0.9313077926635742,1.9375789165496826,0.44078946113586426,319.1212158203125,192.2977294921875,193.04122924804688,0,-480.2606506347656,19.560543060302734,13.20353889465332,1.5322046279907227,145.89004516601562,-118.34309387207031,-334.0021667480469
1,Pressed,0.947210431098938,1.9400300979614258,0.43999260663986206,319.2626647949219,192.78106689453125,191.94993591308594,0,-481.7316589355469,18.695871353149414,13.399184226989746,1.4648116827011108,145.92649841308594,-119.54547119140625,-335.60394287109375
1,Pressed,0.9619793891906738,1.942047119140625,0.4415169954299927,319.60565185546875,194.04161071777344,190.8946075439453,0,-483.524169921875,17.719970703125,14.61800479888916,1.5233306884765625,145.90728759765625,-120.7903823852539,-337.4483642578125
1,Pressed,0.9778604507446289,1.944254755973816,0.442095547914505,319.8488464355469,195.08839416503906,189.79710388183594,0,-485.54827880859375,16.749202728271484,15.624911308288574,1.5515732765197754,145.98997497558594,-121.9874267578125,-339.3821716308594
3,Pressed,0.9913809299468994,1.9461313486099243,0.44804883003234863,319.9182434082031,193.79190063476562,188.86279296875,0,-484.13922119140625,15.999972343444824,13.028919219970703,1.4805786609649658,145.2731475830078,-123.40373229980469,-339.41839599609375
3,Pressed,0.9984283447265625,1.9471241235733032,0.4609781801700592,320.17138671875,192.35025024414062,188.52037048339844,0,-480.66156005859375,15.414473533630371,9.913284301757812,1.3859659433364868,144.0626678466797,-124.93443298339844,-338.3768005371094
3,Pressed,1.0006928443908691,1.9473844766616821,0.47838959097862244,320.68792724609375,191.9452667236328,188.60882568359375,0,-476.68536376953125,14.871468544006348,7.990896224975586,1.290654182434082,142.6608123779297,-126.49443817138672,-337.181884765625
3,Pressed,0.9968838691711426,1.947299599647522,0.49977949261665344,321.2565612792969,192.90579223632812,189.02618408203125,0,-472.48162841796875,14.383758544921875,16.382585525512695,1.73299241065979,132.6624755859375,-127.55316925048828,-335.4036560058594
3,Pressed,0.988440990447998,1.950055718421936,0.5236722230911255,321.3492431640625,194.6216278076172,190.60256958007812,0,-468.4627990722656,13.647744178771973,26.295564651489258,2.48431396484375,123.14109802246094,-127.7601547241211,-333.0411071777344
3,Pressed,0.9794702529907227,1.9497416019439697,0.5444775819778442,321.7384338378906,196.6355743408203,191.4077606201172,0,-464.4362487792969,12.91600227355957,19.332138061523438,3.517089605331421,129.84254455566406,-127.7630615234375,-331.3949890136719
3,Pressed,0.9730608463287354,1.948081374168396,0.5670002698898315,322.2066345214844,197.93829345703125,191.86685180664062,0,-458.0692138671875,12.092501640319824,6.5225372314453125,4.997951030731201,139.44029235839844,-127.7615966796875,-329.3955078125
3,Pressed,0.9706367254257202,1.9469187259674072,0.5863050818443298,322.5367126464844,198.30953979492188,192.3948211669922,0,-451.0048828125,11.432940483093262,-5.006753921508789,6.298486709594727,146.1593780517578,-127.76490783691406,-327.4601745605469
3,Pressed,0.9710164666175842,1.9464216232299805,0.6015177965164185,322.6873474121094,197.8059844970703,193.0243377685547,0,-443.88543701171875,10.981980323791504,-15.379341125488281,7.383838176727295,150.79344177246094,-127.75125885009766,-325.60308837890625
3,Pressed,0.9749362468719482,1.946608543395996,0.6170408725738525,322.7801513671875,195.77845764160156,194.22665405273438,0,-434.1390380859375,10.630411148071289,-29.506397247314453,8.596649169921875,155.9707489013672,-127.765380859375,-323.02783203125
3,Pressed,0.9758974313735962,1.9460399150848389,0.6296003460884094,322.9812927246094,194.7093048095703,195.1532745361328,0,-427.300048828125,10.660396575927734,-38.15889358520508,9.378345489501953,158.87612915039062,-127.76800537109375,-321.0633850097656
-2,Pressed,0.9724332094192505,1.941225290298462,0.6409482955932617,324.03350830078125,195.88551330566406,195.11465454101562,0,-423.7521667480469,10.688284873962402,-42.49964141845703,10.502379417419434,161.92079162597656,-127.76563262939453,-319.9450988769531
-2,Pressed,0.967929482460022,1.9334030151367188,0.6468633413314819,325.4147033691406,197.10455322265625,194.23043823242188,0,-422.47076416015625,10.843221664428711,-44.82925796508789,11.970634460449219,164.51953125,-127.75621795654297,-319.2702331542969
-2,Pressed,0.9658528566360474,1.926867127418518,0.6487123370170593,326.51171875,197.22911071777344,193.4903564453125,0,-421.4881286621094,10.99427604675293,-47.19983673095703,13.292143821716309,166.4040985107422,-127.74842834472656,-318.62664794921875
-2,Pressed,0.9658070802688599,1.9201974868774414,0.645724892616272,327.57135009765625,196.16392517089844,192.71795654296875,0,-420.8871154785156,11.169137954711914,-50.126407623291016,14.739959716796875,168.120849609375,-127.74691772460938,-317.907470703125
-2,Pressed,0.9669650793075562,1.9144675731658936,0.6409103870391846,328.4571838378906,194.64930725097656,192.0642852783203,0,-420.54754638671875,11.321476936340332,-52.77906799316406,16.050935745239258,169.39816284179688,-127.74657440185547,-317.22479248046875
-2,Pressed,0.9674514532089233,1.9080781936645508,0.6373746991157532,329.4501953125,193.44696044921875,191.3318634033203,0,-420.3085021972656,11.486602783203125,-54.791107177734375,17.433351516723633,170.48138427734375,-127.74642181396484,-316.5015563964844
-2,Pressed,0.9662508964538574,1.9010118246078491,0.6372177004814148,330.5446472167969,193.04296875,190.50599670410156,0,-420.0209045410156,11.668854713439941,-55.793819427490234,18.82883644104004,171.30929565429688,-127.74418640136719,-315.75616455078125
-2,Pressed,0.963729739189148,1.8937571048736572,0.6400399208068848,331.6460876464844,193.31007385253906,189.63809204101562,0,-419.6329040527344,11.865407943725586,-56.00865936279297,20.159231185913086,171.90428161621094,-127.74034118652344,-315.0220947265625
-2,Pressed,0.9605377912521362,1.8849961757659912,0.6434080004692078,332.9483337402344,193.68377685546875,188.56460571289062,0,-419.4706115722656,12.113661766052246,-55.79251480102539,21.69321060180664,172.47679138183594,-127.73731231689453,-314.18115234375
-2,Pressed,0.9583927989006042,1.8770561218261719,0.6451981663703918,334.0868225097656,193.62881469726562,187.58975219726562,0,-419.4388427734375,12.349214553833008,-55.72659683227539,23.105634689331055,172.93222045898438,-127.73500061035156,-313.3575439453125
-2,Pressed,0.9575267434120178,1.8704760074615479,0.6448298692703247,335.00323486328125,193.0789794921875,186.78887939453125,0,-419.5816650390625,12.543886184692383,-55.8865852355957,24.31882667541504,173.28753662109375,-127.73429107666016,-312.599365234375
-2,Pressed,0.9560054540634155,1.8620338439941406,0.6444597840309143,336.1709289550781,192.51223754882812,185.74339294433594,0,-420.1004333496094,12.803571701049805,-55.601016998291016,25.784189224243164,173.68357849121094,-127.73444366455078,-311.69097900390625
-2,Pressed,0.9541201591491699,1.8545961380004883,0.6456814408302307,337.15985107421875,192.28988647460938,184.8064422607422,0,-420.46533203125,13.051397323608398,-55.03616714477539,27.01829719543457,173.92942810058594,-127.73342895507812,-310.8674011230469
-2,Pressed,0.9514397978782654,1.846133828163147,0.6479032039642334,338.2558898925781,192.2540283203125,183.71969604492188,0,-421.0024108886719,13.360642433166504,-54.02302169799805,28.333654403686523,174.15353393554688,-127.73235321044922,-309.96539306640625
-2,Pressed,0.9490333199501038,1.8386259078979492,0.6500171422958374,339.18670654296875,192.18336486816406,182.74691772460938,0,-421.52655029296875,13.653823852539062,-52.9979133605957,29.467926025390625,174.2910919189453,-127.73110961914062,-309.1147155761719
-2,Pressed,0.9463741779327393,1.8300997018814087,0.6514822840690613,340.2200927734375,191.94374084472656,181.63194274902344,0,-422.39971923828125,14.017021179199219,-51.73387908935547,30.698360443115234,174.4665069580078,-127.73062133789062,-308.1733703613281
-2,Pressed,0.9436896443367004,1.8219225406646729,0.6528810262680054,341.1646728515625,191.67416381835938,180.5520477294922,0,-423.3208312988281,14.40345573425293,-50.41694641113281,31.820478439331055,174.60948181152344,-127.73015594482422,-307.2461242675781
-2,Pressed,0.9405322074890137,1.8134119510650635,0.6546106338500977,342.10595703125,191.45278930664062,179.41839599609375,0,-424.3828125,14.850837707519531,-48.84305191040039,32.90161895751953,174.72763061523438,-127.7295150756836,-306.2790222167969
-2,Pressed,0.9372192025184631,1.8053345680236816,0.6565598249435425,342.94873046875,191.29086303710938,178.33126831054688,0,-425.3764953613281,15.340024948120117,-47.349151611328125,33.84605026245117,174.8650360107422,-127.72879791259766,-305.3858947753906
-2,Pressed,0.9336099624633789,1.7972233295440674,0.6584680676460266,343.7515563964844,191.1138458251953,177.2386016845703,0,-426.4867858886719,15.87714672088623,-45.687095642089844,34.70954895019531,174.9637451171875,-127.72822570800781,-304.46624755859375
-2,Pressed,0.9320746064186096,1.7798709869384766,0.6597670912742615,344.0414123535156,190.88478088378906,176.70420837402344,0,-423.6063232421875,14.487367630004883,-45.212215423583984,40.760337829589844,173.5151824951172,-124.04293060302734,-301.7554016113281
-2,Pressed,0.9329559803009033,1.75718355178833,0.6594412922859192,343.8381042480469,190.57713317871094,176.71177673339844,0,-419.09942626953125,12.032519340515137,-45.39784240722656,49.021141052246094,171.3996124267578,-118.56510162353516,-298.07611083984375
-2,Pressed,0.9339635372161865,1.7330211400985718,0.6580824255943298,343.7206115722656,190.25296020507812,176.7571258544922,0,-415.80975341796875,9.837498664855957,-45.254920959472656,56.555416107177734,169.75099182128906,-113.41911315917969,-294.5986328125
-2,Pressed,0.9349008202552795,1.7085260152816772,0.657306969165802,343.5951843261719,190.06333923339844,176.8242950439453,0,-413.34039306640625,7.971110820770264,-44.89774703979492,63.34306716918945,168.423828125,-108.61561584472656,-291.40216064453125
-2,Pressed,0.9354808330535889,1.683849573135376,0.6569365859031677,343.5396423339844,189.9928741455078,176.85018920898438,0,-411.5949401855469,6.552235126495361,-44.58137130737305,69.43548583984375,167.5257568359375,-104.09200286865234,-288.7065124511719
1,Pressed,0.9507549405097961,1.6738592386245728,0.6577847003936768,343.4484558105469,190.03074645996094,176.900146484375,0,-408.6142272949219,3.4602174758911133,-43.90423583984375,74.02838897705078,165.21444702148438,-102.5439224243164,-285.3822326660156
1,Pressed,0.9769960641860962,1.6743273735046387,0.6558955907821655,343.4283447265625,189.7948760986328,176.99891662597656,0,-403.691650390625,-1.133952021598816,-43.967586517333984,77.52391815185547,161.88392639160156,-103.51655578613281,-281.23895263671875
1,Pressed,1.0033812522888184,1.6742092370986938,0.6475857496261597,343.6954345703125,188.3738250732422,177.0838623046875,0,-401.7760009765625,-5.689526081085205,-42.31861114501953,80.58917236328125,159.0354766845703,-105.02165222167969,-277.0744323730469
1,Pressed,1.035139799118042,1.6745688915252686,0.6452459692955017,343.6747741699219,187.7986602783203,177.1715545654297,0,-402.1123352050781,-10.880903244018555,-36.670806884765625,84.0880126953125,156.33082580566406,-107.4320068359375,-272.086669921875
-2,Pressed,1.0389065742492676,1.6628947257995605,0.6463165879249573,343.60565185546875,188.0604705810547,177.24697875976562,0,-402.0973205566406,-12.011756896972656,-35.5643310546875,87.05878448486328,156.0355682373047,-105.82793426513672,-270.4718322753906
-2,Pressed,1.0389748811721802,1.63798189163208,0.6465510129928589,343.6086120605469,188.10206604003906,177.25904846191406,0,-402.1724853515625,-12.78183650970459,-35.42878723144531,92.14767456054688,156.0590057373047,-101.75862884521484,-268.5950622558594
2,Pressed,1.0391464233398438,1.6453185081481934,0.6463028788566589,343.6078186035156,188.031494140625,177.24366760253906,0,-402.2214660644531,-12.59253978729248,-35.40986251831055,90.68375396728516,156.05645751953125,-102.98367309570312,-269.1031188964844
2,Pressed,1.0389739274978638,1.6617300510406494,0.6460037231445312,343.6139221191406,188.0019073486328,177.20692443847656,0,-402.1108703613281,-12.02906608581543,-35.63390350341797,87.27873992919922,156.04481506347656,-105.66419219970703,-270.4058837890625
-2,Pressed,1.0389282703399658,1.662881851196289,0.6463826894760132,343.6176452636719,188.06472778320312,177.2392578125,0,-402.12261962890625,-12.00539493560791,-35.54981231689453,87.05654907226562,156.05372619628906,-105.8306884765625,-270.4825439453125
-1,Pressed,1.0275392532348633,1.649820327758789,0.6460573673248291,343.6904296875,187.908203125,177.16775512695312,0,-402.59710693359375,-10.511672019958496,-37.25352096557617,88.45987701416016,156.94142150878906,-102.7591552734375,-271.2820129394531
-1,Pressed,0.9975157976150513,1.6497191190719604,0.6443562507629395,343.65216064453125,187.66746520996094,177.23651123046875,0,-403.3080749511719,-5.483692169189453,-42.17460632324219,85.03678894042969,159.51683044433594,-100.38391876220703,-276.0505065917969
-3,Pressed,0.9896339178085327,1.6495112180709839,0.6327426433563232,343.6584167480469,187.8593292236328,177.21595764160156,0,-403.740234375,-4.254912376403809,-45.21040725708008,84.12583923339844,160.1683349609375,-99.2339859008789,-279.4595642089844
-3,Pressed,0.9913663864135742,1.649430751800537,0.5987139940261841,343.6434631347656,187.35125732421875,177.21519470214844,0,-406.2698669433594,-4.294579029083252,-49.126426696777344,83.96111297607422,160.0115203857422,-97.507568359375,-285.1645812988281
-1,Pressed,0.9750804305076599,1.6501435041427612,0.5844932198524475,343.5738220214844,185.74774169921875,177.2103729248047,0,-410.26043701171875,-0.08673159033060074,-52.226863861083984,81.19007110595703,163.36654663085938,-96.07959747314453,-290.0127868652344
1,Pressed,0.9750903248786926,1.6495810747146606,0.6025425791740417,343.5434875488281,189.20401000976562,177.05978393554688,0,-407.0309753417969,-1.494574785232544,-50.453277587890625,82.22404479980469,162.12765502929688,-96.47356414794922,-288.65618896484375
1,Pressed,1.0040878057479858,1.6490707397460938,0.5965763330459595,343.8137512207031,188.2356414794922,177.11920166015625,0,-405.3080749511719,-6.9605937004089355,-47.80076217651367,85.5617446899414,158.18154907226562,-98.22761535644531,-284.0671691894531
1,Pressed,1.0352262258529663,1.6494673490524292,0.5968626141548157,343.7552185058594,188.22634887695312,177.20150756835938,0,-405.9645690917969,-12.611464500427246,-41.651947021484375,89.0551528930664,154.76133728027344,-100.81208801269531,-279.3755187988281
-3,Pressed,1.038243293762207,1.6498013734817505,0.5867116451263428,343.7305908203125,188.69012451171875,177.29966735839844,0,-405.88037109375,-13.450427055358887,-42.721282958984375,89.21832275390625,153.98789978027344,-100.55075073242188,-280.929931640625
-3,Pressed,1.0399134159088135,1.6497191190719604,0.5555036664009094,343.6879577636719,188.1546173095703,177.27023315429688,0,-406.8058776855469,-13.392816543579102,-47.6883430480957,88.41317749023438,153.268310546875,-98.93687438964844,-286.16650390625
-3,Pressed,1.0393970012664795,1.6496565341949463,0.5324934720993042,343.7455749511719,188.4478302001953,177.2875518798828,0,-406.41387939453125,-13.021174430847168,-52.532718658447266,87.43069458007812,153.11599731445312,-97.45043182373047,-290.76129150390625
-3,Pressed,1.0388400554656982,1.6494410037994385,0.511504054069519,343.82635498046875,188.60592651367188,177.3114471435547,0,-405.7513732910156,-12.306654930114746,-57.6348991394043,86.31844329833984,153.46139526367188,-95.949462890625,-295.14654541015625
-3,Pressed,1.0398820638656616,1.6492085456848145,0.4834900498390198,343.8479309082031,188.35787963867188,177.33584594726562,0,-404.5172424316406,-10.908496856689453,-65.29728698730469,84.6825180053711,154.56405639648438,-93.89384460449219,-300.9627380371094
-3,Pressed,1.0398921966552734,1.6486390829086304,0.46082621812820435,343.97998046875,188.38800048828125,177.36614990234375,0,-401.4112854003906,-9.134650230407715,-74.31855010986328,83.04558563232422,156.5211181640625,-92.01346588134766,-306.4630432128906
-3,Pressed,1.0431389808654785,1.6485779285430908,0.42506662011146545,344.05224609375,187.84571838378906,177.52919006347656,0,-388.99688720703125,-7.589949607849121,-94.2160415649414,80.26629638671875,158.91827392578125,-90.0459976196289,-313.0454406738281
-3,Pressed,1.041473150253296,1.6488282680511475,0.40626707673072815,344.10693359375,188.30355834960938,177.65538024902344,0,-381.6353759765625,-10.59335708618164,-99.7307357788086,78.34029388427734,156.0113067626953,-90.72200775146484,-312.5341491699219
-3,Pressed,1.0397074222564697,1.6478538513183594,0.38430050015449524,344.24853515625,188.59349060058594,177.71182250976562,0,-376.49005126953125,-14.32719612121582,-102.55166625976562,76.00306701660156,152.371826171875,-91.78559875488281,-311.7966613769531
-3,Pressed,1.0393824577331543,1.6466457843780518,0.35769233107566833,344.3739013671875,188.6573028564453,177.75411987304688,0,-372.52020263671875,-18.07398223876953,-104.99285888671875,73.01363372802734,148.88027954101562,-92.919921875,-311.9910583496094
-3,Pressed,1.0385370254516602,1.6455714702606201,0.3323672413825989,344.48309326171875,188.7729949951172,177.79241943359375,0,-369.3470458984375,-21.387474060058594,-106.98772430419922,69.75750732421875,145.90756225585938,-94.05550384521484,-312.7919006347656
-3,Pressed,1.0372902154922485,1.6446672677993774,0.3090316355228424,344.589111328125,188.90354919433594,177.85606384277344,0,-366.6839599609375,-24.316085815429688,-108.65476989746094,66.3621597290039,143.37942504882812,-95.17675018310547,-313.9466857910156
-3,Pressed,1.037296175956726,1.643172264099121,0.2827073037624359,344.69305419921875,188.85528564453125,177.85855102539062,0,-364.1022644042969,-27.38807487487793,-110.45465087890625,62.32277297973633,140.78005981445312,-96.41719818115234,-315.5910949707031
-3,Pressed,1.036413550376892,1.6419426202774048,0.2593212127685547,344.8218688964844,188.93154907226562,177.92958068847656,0,-361.74591064453125,-30.143674850463867,-111.96501159667969,58.18152618408203,138.5621795654297,-97.65608215332031,-317.4629821777344
-3,Pressed,1.0357747077941895,1.6407643556594849,0.23315805196762085,344.9450988769531,188.96266174316406,177.8984375,0,-358.9966125488281,-33.18954849243164,-113.68002319335938,52.931819915771484,136.0601348876953,-99.26355743408203,-319.92523193359375
-3,Pressed,1.0337542295455933,1.6396770477294922,0.21135246753692627,345.0819091796875,189.14242553710938,178.0631866455078,0,-356.5026550292969,-35.838050842285156,-115.06733703613281,47.84986114501953,134.0584259033203,-100.68539428710938,-322.4656066894531
2,Pressed,1.0341246128082275,1.6481194496154785,0.19638657569885254,345.3373107910156,189.09921264648438,177.9103240966797,0,-353.30120849609375,-37.822269439697266,-116.6053466796875,41.075950622558594,132.02061462402344,-103.87400817871094,-325.52813720703125
-3,Pressed,1.0307284593582153,1.662965178489685,0.18655580282211304,345.2453308105469,189.4947967529297,178.25221252441406,0,-349.3517761230469,-39.44683074951172,-118.0344009399414,32.97775650024414,129.8810272216797,-107.49771118164062,-329.3569641113281
-3,Pressed,1.0294837951660156,1.6615056991577148,0.15655094385147095,345.2789001464844,189.60939025878906,178.3056640625,0,-343.68817138671875,-43.98816680908203,-120.9561767578125,20.38602066040039,125.64186096191406,-110.80961608886719,-336.1902770996094
-3,Pressed,1.02621591091156,1.6604576110839844,0.13494175672531128,344.8694763183594,190.15171813964844,179.1168975830078,0,-336.5645446777344,-48.935489654541016,-124.02734375,3.761575937271118,120.77800750732422,-114.55595397949219,-345.6817321777344
2,Pressed,1.0251235961914062,1.6812068223953247,0.14160460233688354,343.29400634765625,190.75555419921875,180.7227020263672,0,-333.5292053222656,-48.03861999511719,-82.26644897460938,-1.1310776472091675,77.56013488769531,-115.36054229736328,-347.964111328125
-3,Pressed,1.0247074365615845,1.6752653121948242,0.1347309947013855,343.3258972167969,190.6754913330078,181.62486267089844,0,-333.5144348144531,-48.19698715209961,-59.417320251464844,-1.8313626050949097,55.493770599365234,-114.23747253417969,-347.89739990234375
-3,Pressed,1.0253397226333618,1.661433458328247,0.11805754899978638,342.94854736328125,190.7639617919922,182.01971435546875,0,-334.4280090332031,-49.354209899902344,-41.87709045410156,-1.7396270036697388,38.858314514160156,-112.26314544677734,-348.059814453125
-3,Pressed,1.0287225246429443,1.6484757661819458,0.10065388679504395,342.2906188964844,190.6133270263672,181.94088745117188,0,-335.3879089355469,-50.55858612060547,-29.4903564453125,-1.608474850654602,26.699825286865234,-110.32371520996094,-348.3756103515625
-3,Pressed,1.0327796936035156,1.6356630325317383,0.08403396606445312,341.6212463378906,190.5017547607422,181.62863159179688,0,-336.3053283691406,-51.667449951171875,-12.965763092041016,-1.4575729370117188,10.17407512664795,-108.59870910644531,-348.6788635253906
4,Pressed,1.0279459953308105,1.6371148824691772,0.06618273258209229,338.3890686035156,190.66859436035156,181.17718505859375,0,-336.0434875488281,-52.137821197509766,-12.950579643249512,-1.3317500352859497,9.024954795837402,-105.17486572265625,-348.9521789550781
4,Pressed,1.0172207355499268,1.6441656351089478,0.055712103843688965,335.32550048828125,191.07664489746094,181.02767944335938,0,-335.1844482421875,-52.072914123535156,-12.78614330291748,-1.2892801761627197,7.921901702880859,-102.33063507080078,-348.8146667480469
4,Pressed,1.0036158561706543,1.6476588249206543,0.04926609992980957,333.2680969238281,191.53616333007812,181.73878479003906,0,-334.44818115234375,-52.06907653808594,-11.9160737991333,-1.541508436203003,7.228506088256836,-99.9429931640625,-348.5929260253906
4,Pressed,0.9970155954360962,1.650925874710083,0.04115992784500122,331.28753662109375,191.35296630859375,182.51058959960938,0,-334.9928283691406,-54.80321502685547,-11.329070091247559,4.683661937713623,7.338653087615967,-101.27601623535156,-347.8918762207031
2,Pressed,1.0068211555480957,1.6782348155975342,0.03612864017486572,327.2911682128906,190.99954223632812,180.15135192871094,0,-334.712646484375,-53.835601806640625,-13.53455924987793,6.42954158782959,6.08566427230835,-100.59429168701172,-347.78289794921875
2,Pressed,0.985414981842041,1.6806862354278564,0.049033284187316895,328.2860107421875,192.4264678955078,183.01913452148438,0,-333.1329650878906,-49.924068450927734,-10.643731117248535,-1.801340937614441,5.983770847320557,-96.71185302734375,-348.58929443359375
4,Pressed,0.9809526801109314,1.6920733451843262,0.04886418581008911,326.59820556640625,192.5570831298828,183.2974853515625,0,-332.7259521484375,-49.241703033447266,-10.638609886169434,-1.8273320198059082,5.757238864898682,-95.67594909667969,-348.5319519042969
4,Pressed,1.0051090717315674,1.7170902490615845,0.03302842378616333,319.6900634765625,189.9380645751953,182.53390502929688,0,-336.38568115234375,-58.030208587646484,-11.475780487060547,22.21759605407715,5.217473030090332,-104.18441009521484,-346.67596435546875
7,Pressed,1.0289008617401123,1.7316166162490845,0.03125011920928955,315.85107421875,191.27413940429688,174.74620056152344,0,-337.45391845703125,-59.79055404663086,-18.612205505371094,28.95075035095215,5.3774213790893555,-106.5413818359375,-346.17376708984375
7,Pressed,1.029516577720642,1.7319865226745605,0.03112494945526123,315.8145751953125,191.22933959960938,174.72198486328125,0,-337.4799499511719,-59.76335525512695,-18.59015464782715,28.93869972229004,5.31077241897583,-106.53154754638672,-346.1878662109375
